fuel,temp,voltage,battery,deviation,radiation,oxygen
90,25,28,95,0.1,3,98
88,26,27,94,0.15,3.1,97
87,27,27,93,0.2,3.3,96
85,28,26,92,0.25,3.5,96
84,29,26,91,0.3,3.8,95
83,30,26,90,0.35,4,95
82,31,25,89,0.4,4.2,94
81,32,25,88,0.45,4.4,94
80,33,25,87,0.5,4.6,93
79,34,24,86,0.55,4.8,93
78,35,24,85,0.6,5,92
77,36,24,84,0.65,5.2,92
76,37,23,83,0.7,5.4,91
75,38,23,82,0.75,5.6,91
74,39,23,81,0.8,5.8,90
73,40,22,80,0.85,6,90
72,41,22,79,0.9,6.2,89
71,42,22,78,0.95,6.4,89
70,43,21,77,1.0,6.6,88
69,44,21,76,1.05,6.8,88